Id,Biomass
6617,96.50210984000005
6618,407.7101875424998
6619,55.92619667775001
6620,27.681869550000002
6621,126.42393455000003
6622,56.95425900000001
6623,259.19684298
6624,257.4273879145
6625,87.47492905000003
6626,83.79133415
6627,20.770434299999998
6628,353.55607499999996
6629,417.74117499999994
6630,116.98354959999999
6631,298.8228368310001
6632,102.76387981500002
6633,129.8086494
6634,488.74524500000007
6635,89.21979450000005
6636,280.8160174705
6637,148.91896950000003
6638,166.9071764015
6639,704.9724670684997
6640,120.05943955
6641,54.29339854999999
6642,25.681939849999996
6643,155.2825851000001
6644,214.7011656285
6645,73.49477965000001
6646,172.93763874750002
6647,135.22037955000013
6648,104.252169815
6649,50.477204200000024
6650,90.93556914999999
6651,64.29514842299999
6652,226.6161099500001
6653,152.65567285
6654,32.02149970000001
6655,29.66524835519999
6656,200.6917001090001
6657,267.8948780299999
6658,98.06915970000006
6659,109.06911541999997
6660,39.7382093
6661,271.40251915950006
6662,128.2561195
6663,55.98071405000002
6664,85.9146042
6665,609.7672777580001
6666,98.84924409500002
6667,62.243909299999984
6668,119.41530881
6669,44.761397959449994
6670,26.292399549999985
6671,73.66812454999999
6672,306.294005525
6673,158.31719575149992
6674,58.107549350000006
6675,405.54537560299985
6676,44.55835223520001
6677,50.880734250000025
6678,72.4417023046
6679,19.493064599999993
6680,547.6507156509998
6681,495.08306
6682,85.27476985000001
6683,181.7561645999999
6684,31.56074954999999
6685,976.2166400000009
6686,57.93102177774999
6687,344.6701222309998
6688,57.68521860000003
6689,1043.9723900000006
6690,439.58563895549975
6691,49.600053900000006
6692,457.68626209999996
6693,29.554325713400004
6694,93.767449665
6695,39.397063399999986
6696,497.26326499999993
6697,121.25022337
6698,273.07968500000015
6699,264.72972000000004
6700,112.919345015
6701,46.881858550000004
6702,129.75833935000003
6703,109.12572870400003
6704,285.61336085350007
6705,479.59063126499984
6706,89.62013465
6707,203.0481600090001
6708,175.22308910000007
6709,225.71164000000002
6710,160.51525939999996
6711,566.6696374940003
6712,102.61178490000003
6713,145.40076965000003
6714,1013.6832550000006
6715,236.59794500900006
6716,467.20562000000007
6717,59.41619516955002
6718,425.6605641779998
6719,353.0733250000001
6720,41.09869365
6721,245.27929684399996
6722,124.00063093050001
6723,127.95906340999998
6724,127.32845718400003
6725,115.74154920000005
6726,51.1412928
6727,58.075419499999995
6728,150.92392895
6729,86.761345618
6730,37.00726415
6731,93.58779874999996
6732,633.7456920684999
6733,153.90067059199998
6734,45.2962420852
6735,541.36151
6736,217.890724856
6737,86.55946945000001
6738,184.91448949999997
6739,509.55117500000017
6740,56.02695430000003
6741,96.20010959999999
6742,269.411725725
6743,310.23273929599986
6744,74.77930435
6745,91.47446416800003
6746,678.8701999999998
6747,156.41597430000002
6748,32.72577455
6749,59.251084455499985
6750,207.85894961250003
6751,31.994434399999992
6752,82.9900743
6753,115.16069460000006
6754,284.9336901000001
6755,62.3163301069
6756,34.786512405050004
6757,144.60809625149994
6758,293.467182671
6759,53.46226753519999
6760,231.28534861449995
6761,742.5368071069996
6762,661.0287199999998
6763,718.581705
6764,67.38761480000002
6765,31.658884549999993
6766,219.61967396
6767,527.5912636509998
6768,390.17036207350014
6769,56.31556799180001
6770,46.80741390000001
6771,154.3711321645
6772,269.82097572500004
6773,55.16475385000004
6774,72.77861980000002
6775,39.461788850000005
6776,45.99611385
6777,59.689324500000005
6778,881.7126750000004
6779,330.35527778849996
6780,144.01077149599993
6781,241.93158791899995
6782,98.2868746
6783,149.84015337300002
6784,149.84666465
6785,71.01516465000003
6786,61.4329597
6787,979.6197200000004
6788,113.52689892500004
6789,96.23940950000001
6790,861.7219949999999
6791,52.65042925000003
6792,148.4431502555
6793,108.21561612500004
6794,220.59341995000014
6795,412.4635906644999
6796,153.70450838000005
6797,177.87599920600007
6798,218.84657810999994
6799,48.173547799999994
6800,79.8608543
6801,20.692844199999996
6802,71.2798499
6803,16.44480495
6804,179.5916643999999
6805,46.23655335
6806,61.10161874999998
6807,98.0444196
6808,55.78678410000001
6809,51.4809293
6810,98.1902697
6811,217.6705640499999
6812,23.360614149999996
6813,130.92441425000004
6814,215.51411554999987
6815,111.39328440000001
6816,659.6677196050001
6817,951.4102150000006
6818,31.183452176699983
6819,74.25701960000002
6820,906.8428391370002
6821,246.43772079599995
6822,31.30877571340001
6823,22.442459349999993
6824,160.208489013
6825,67.02340455000001
6826,196.48976975600002
6827,176.30146424999995
6828,623.4616870685
6829,57.20117420000001
6830,666.3441620685
6831,90.2086146
6832,82.05386900000002
6833,138.23122960000006
6834,222.4489807
6835,83.2509592
6836,30.19570280669999
6837,554.0251806509998
6838,108.17280439999999
6839,35.00304905000001
6840,602.869407107
6841,194.43506445600005
6842,52.63763424999999
6843,248.56996015000013
6844,513.055481874
6845,113.21443421500004
6846,73.57969975
6847,958.6024800000005
6848,598.850837107
6849,464.35665000000006
6850,196.56166965000003
6851,31.569555231900004
6852,99.4878297
6853,409.01522
6854,48.66031875000001
6855,155.32406445000004
6856,65.0703277418
6857,83.21166454999998
6858,31.470265579299994
6859,438.3669800000002
6860,498.7349550000001
6861,34.00034497835
6862,88.34277895000001
6863,49.36082840945001
6864,109.57964520500002
6865,52.74618410000001
6866,61.369429600000004
6867,58.021621577750004
6868,519.2751056509999
6869,77.83916690459999
6870,293.91517500000003
6871,285.570315325
6872,146.32443385
6873,24.098554399999998
6874,36.952078678950016
6875,426.280674978
6876,499.22939997799983
6877,569.8268649999999
6878,39.940219322199994
6879,179.91211449999994
6880,34.2604385241
6881,334.46072607750017
6882,64.95283120389999
6883,530.4391124940001
6884,23.13985455
6885,200.47705940600005
6886,310.7724486999999
6887,98.94494370400001
6888,176.86186409999993
6889,80.70082389999999
6890,142.3945312515
6891,74.47514955000001
6892,34.1140043
6893,319.8328091595
6894,27.1745846
6895,128.60604455000004
6896,104.51222981500004
6897,56.297774550000014
6898,79.63635290459996
6899,83.14254900550003
6900,405.9315262625
6901,260.784395
6902,172.10454954999997
6903,75.33425959999998
6904,56.427619799999995
6905,159.36821736200002
6906,167.66165429999992
6907,430.5702639775
6908,103.25331001500004
6909,47.147708500000014
6910,43.59474935
6911,98.41145970000004
6912,85.03751905000001
6913,58.832965069550035
6914,72.04512439999999
6915,399.7541200000001
6916,66.51721795344999
6917,34.19910935
6918,602.3477433895001
6919,32.11796107930001
6920,265.0007487209999
6921,74.04881730459999
6922,318.8460905000001
6923,77.49893300459999
6924,99.57977494000005
6925,102.57874491500003
6926,52.78543445
6927,64.6157195
6928,156.89685284749999
6929,15.9515244
6930,47.159293500000004
6931,209.40327293
6932,28.82361814999998
6933,50.81025415
6934,29.933113720099996
6935,144.80847164599993
6936,105.57813945
6937,58.14999884999998
6938,64.79800954999997
6939,214.9203799590001
6940,56.55372340000001
6941,19.990604449999996
6942,32.29243460000001
6943,192.8493730645001
6944,51.61848995559998
6945,33.60249450945
6946,58.24744469999999
6947,173.01356958949998
6948,209.216314699
6949,224.81495000900014
6950,43.25156870000001
6951,128.45934910000003
6952,265.7766607900001
6953,595.064142107
6954,446.6985690904998
6955,41.96618884999999
6956,221.62753070000002
6957,124.7630648
6958,39.485618599999995
6959,373.21706933600007
6960,186.40463969999996
6961,207.37426000900007
6962,198.96180425600008
6963,499.4078600000001
6964,58.1298693
6965,99.44467994
6966,49.68327905
6967,939.5409550000004
6968,341.7411589775
6969,418.38846684699985
6970,168.24899929999995
6971,59.905548899999985
6972,34.12717842410001
6973,314.28899367100007
6974,52.62729460559999
6975,86.80354410000004
6976,60.558467077749995
6977,71.0530647
6978,33.2329412619
6979,19.546094649999993
6980,66.96869749795002
6981,98.63633959999997
6982,860.9964091370001
6983,36.557159299999995
6984,21.63955394999999
6985,123.91814955000001
6986,58.57540429999999
6987,462.78903246699997
6988,15.916244350000001
6989,85.12469445
6990,39.84267856189999
6991,43.928880829849994
6992,36.311255786
6993,152.86593741200002
6994,59.37931016955001
6995,114.31056990000003
6996,23.62710975
6997,281.65075415949997
6998,68.26060220830001
6999,37.43945780000001
7000,99.90674469999996
7001,43.96277849999999
7002,154.01375945
7003,344.76425
7004,813.8722899999998
7005,87.60458464999999
7006,134.36246475000004
7007,199.26981027899993
7008,122.8313096
7009,215.75376995599996
7010,159.40378122250002
7011,146.29221855
7012,111.25616562000003
7013,90.58134425
7014,57.36004930000003
7015,149.94537950000003
7016,141.63679625150002
7017,386.3496032640001
7018,34.71245925
7019,65.42048424335002
7020,49.4912027852
7021,63.578499500000035
7022,479.86163500000004
7023,89.3204388
7024,68.96064955000003
7025,42.03654119779999
7026,55.08695960000002
7027,168.38027419999995
7028,164.146124
7029,141.2270699245
7030,32.423012426700005
7031,40.786824500000016
7032,54.697726427300005
7033,106.96509338
7034,157.47529435
7035,337.5696891134999
7036,529.7795149999998
7037,486.137465
7038,73.57410934999999
7039,276.4976206250001
7040,200.43210742400007
7041,80.68333990000001
7042,33.42510955000001
7043,98.59543460000005
7044,433.30850689149986
7045,103.88605937500006
7046,102.03241394500004
7047,40.5303868207
7048,86.39045900000005
7049,143.85312419999994
7050,79.0285992
7051,462.5921800000001
7052,49.474053999999995
7053,37.09937930944998
7054,113.81064925000001
7055,99.03767934999996
7056,57.99544464999999
7057,159.29399246449998
7058,169.87597429999994
7059,37.154444528350005
7060,96.57678950000002
7061,179.37624385000004
7062,1907.8390600000005
7063,267.86275947350003
7064,307.29728522650004
7065,50.7177394
7066,201.89671000900012
7067,358.82358097749994
7068,228.12559371000003
7069,87.79684410000006
7070,591.1945179275
7071,219.12695795
7072,25.426419599999996
7073,180.12608429999992
7074,120.86492975000003
7075,837.5067700000001
7076,21.581179099999996
7077,102.98324480000002
7078,28.154224249999988
7079,102.55584976750002
7080,53.978638850000024
7081,219.91355267050002
7082,32.5572176578
7083,320.2915466000001
7084,206.03262995900008
7085,165.8965492
7086,149.04508355
7087,26.637734350000002
7088,44.42735850000002
7089,599.9907021070001
7090,156.90999741200002
7091,167.78279429999995
7092,126.87580718400004
7093,162.0706857015
7094,273.73567105199993
7095,116.78598955000005
7096,141.38243940000004
7097,57.463376977749995
7098,103.66779503799998
7099,63.191509350000025
7100,520.7221849999996
7101,66.54338980000003
7102,50.85328930000002
7103,25.41854435
7104,185.21607969999994
7105,169.58123570149993
7106,70.3475949
7107,164.520779
7108,100.68413871300002
7109,51.04763945000003
7110,255.01307999999997
7111,96.24925450000005
7112,155.34339231200002
7113,125.32206965000002
7114,43.9408158704
7115,78.89767865550004
7116,104.6689247
7117,450.22143542449993
7118,83.58601405000002
7119,59.38338343165001
7120,79.54598000000001
7121,245.05783749399995
7122,446.67275500000017
7123,310.313859671
7124,281.17281265000014
7125,35.91519935000001
7126,288.4434710499999
7127,59.15330672775005
7128,273.15655896349995
7129,689.2926600000001
7130,35.383554649999994
7131,93.51159352200004
7132,286.83094109999996
7133,274.17202415950004
7134,218.47341995000016
7135,555.8159750000003
7136,168.97172929999994
7137,320.0000277885
7138,85.40060910000003
7139,75.60265469999999
7140,94.93794770459999
7141,392.1198739555
7142,232.3764951
7143,33.222319600000006
7144,84.15684430000002
7145,134.25617943700004
7146,48.20532875000001
7147,96.58447419500003
7148,51.364136935199994
7149,451.0178750000001
7150,63.94421079640002
7151,284.939606175
7152,67.03775285459997
7153,95.49988472500002
7154,159.4160940895
7155,659.1165733895
7156,56.90336657775002
7157,183.4011645999999
7158,119.84289965000002
7159,59.29135485
7160,282.7287506384999
7161,438.83566168699997
7162,260.62171788850003
7163,167.92282429999995
7164,40.480529309450006
7165,445.62256395549986
7166,218.7279799500001
7167,347.7621806310001
7168,154.878482362
7169,35.32358405
7170,349.730704978
7171,63.75523425000003
7172,95.97310423600004
7173,125.85600445000004
7174,465.3628773674999
7175,225.209925653
7176,117.15937455000005
7177,71.81217944999999
7178,157.6560444
7179,852.8795550000004
7180,29.3067578526
7181,81.22782455000001
7182,194.83985465600003
7183,123.69566960000003
7184,114.32350470000003
7185,233.1938911604999
7186,298.45403010000007
7187,34.72085603080001
7188,58.210165019550026
7189,108.01143480000006
7190,47.3419885
7191,56.15612935000002
7192,145.92536919999995
7193,79.4156339
7194,50.6327198056
7195,727.9473533894999
7196,34.468981429299994
7197,104.31673491500007
7198,220.22233985600005
7199,142.43308965000003
7200,226.66303005900008
7201,72.94417196010002
7202,35.0001683078
7203,167.40795298800003
7204,94.50740496800005
7205,41.99451390000002
7206,87.37472910000005
7207,98.49349970000002
7208,130.0178297
7209,519.4593454244999
7210,181.3594545999999
7211,248.48039215949993
7212,95.56230973
7213,421.83693499999987
7214,90.61532250459997
7215,97.84048464999998
7216,218.14133321349996
7217,85.7407186
7218,101.342518572
7219,37.10977919999999
7220,152.09014950000002
7221,76.42691934999999
7222,597.2184199999997
7223,242.71090946250013
7224,19.8064893
7225,175.91208719600002
7226,393.142721051
7227,458.7845643294999
7228,152.43617450000002
7229,394.4065499780001
7230,67.09558044640002
7231,154.84073446349998
7232,46.7979770352
7233,34.287454100000005
7234,150.3148642635
7235,31.097944499999997
7236,59.53342697775001
7237,411.8688339335
7238,273.5116676709999
7239,29.324464700000007
7240,56.227299500000015
7241,125.90087953700008
7242,499.983487494
7243,67.74027868200001
7244,87.86273905
7245,78.27278929999997
7246,212.32463388249982
7247,236.79720254950004
7248,55.89837950000002
7249,92.21615940000004
7250,453.3084500000001
7251,37.074498678950015
7252,42.54894582039999
7253,424.2982381829999
7254,34.2236142
7255,33.376323886
7256,72.73931975000002
7257,203.0747594625001
7258,391.80791895550004
7259,111.50524981500001
7260,29.41646061339998
7261,200.1909097560001
7262,58.66436177775001
7263,86.53946235459996
7264,227.0523328205001
7265,70.73238955
7266,47.47056971945
7267,316.87643092199994
7268,34.59184945
7269,980.3071450000002
7270,133.36024860199998
7271,41.12385116945
7272,54.25161000000002
7273,54.796829850000016
7274,199.85649940600007
7275,1139.142325
7276,82.2977589
7277,161.49720392750004
7278,197.69555935600005
7279,166.136129
7280,123.65374590500005
7281,176.57523429999998
7282,204.87466455650002
7283,80.61115260459998
7284,126.92462969999998
7285,205.7222349500001
7286,823.3426012825001
7287,80.9261822046
7288,1110.634135
7289,173.20785864999988
7290,22.0207444
7291,524.0233620685002
7292,97.28960450000002
7293,55.975576627750016
7294,124.1314545
7295,71.07498813515
7296,49.64297097039999
7297,41.06786000669999
7298,336.0852008499998
7299,75.33329475000001
7300,115.003834165
7301,267.0670946475
7302,33.10582466890001
7303,69.89895985000003
7304,69.29773480000003
7305,733.1485670684997
7306,78.97912240459999
7307,27.314034299999992
7308,55.64792900000002
7309,77.07410448235001
7310,1027.1613549999997
7311,133.86468969999999
7312,579.472692107
7313,30.802559849999987
7314,340.774291869
7315,177.27904909750004
7316,85.62009935
7317,85.54235425000003
7318,92.13027925
7319,40.386169100000004
7320,57.86852819180002
7321,49.7255246
7322,44.872283350000004
7323,283.7985054884999
7324,141.04234475000004
7325,82.96094455000001
7326,286.1933137475001
7327,87.83172905000004
7328,575.1147249999998
7329,111.95228872100002
7330,36.36189404999999
7331,300.33632010000014
7332,57.99396975
7333,93.0287645
7334,18.9949045
7335,181.8935544999999
7336,193.6751831259999
7337,161.0780256515
7338,353.79946063100016
7339,182.44701459999993
7340,725.1042349999999
7341,39.956048700000004
7342,603.835325
7343,82.2485893
7344,37.42703492835001
7345,917.8252999999997
7346,120.74672966500003
7347,156.97187445000003
7348,930.9154700000005
7349,113.16083082000003
7350,268.96537485
7351,304.4512654669998
7352,380.447853264
7353,309.31090915950006
7354,94.62238481500005
7355,33.87649315520001
7356,162.8393043
7357,190.02381390000002
7358,198.91927955600008
7359,29.809498652599995
7360,120.16645469999999
7361,365.3902329709999
7362,98.50155930000001
7363,159.5128426645
7364,85.35801980000001
7365,180.28819349999998
7366,248.92621605000014
7367,102.28380395000005
7368,284.5145106205
7369,150.7157594
7370,32.54037949999999
7371,119.16201247200003
7372,185.8582195999999
7373,168.06605944999995
7374,16.330264300000003
7375,36.798549650000005
7376,152.29113620150002
7377,86.58427910000002
7378,115.09750382099999
7379,70.17401460000002
7380,33.014079599999995
7381,32.73290485000001
7382,87.30621414999997
7383,394.24808000000013
7384,328.37689099050004
7385,104.4364497
7386,265.4515966849999
7387,96.0729796
7388,338.53293163349997
7389,77.46769469999998
7390,40.7067269207
7391,200.0112393060001
7392,58.39855929999999
7393,348.6708010500001
7394,51.124914050000044
7395,111.86719440000005
7396,40.75393915
7397,61.289035551399984
7398,472.3022500000001
7399,217.41921465300004
7400,111.58164532999999
7401,79.2838839
7402,236.8854808500001
7403,198.18075935600007
7404,31.91488955000001
7405,201.10607935600004
7406,69.60624580255
7407,203.29368955650003
7408,99.23242934999999
7409,484.90662635249964
7410,152.034785742
7411,294.07802009999995
7412,118.79242690900004
7413,28.849509699999995
7414,420.7964739334999
7415,290.46881183100004
7416,99.21609511500003
7417,61.30716944999998
7418,378.3647999999999
7419,27.73242925
7420,98.28886944999998
7421,99.38481945000001
7422,57.703559500000004
7423,261.61139985
7424,411.46441999999996
7425,166.3610489
7426,208.87091985900008
7427,199.71732286449983
7428,638.2917071069999
7429,100.1402246
7430,141.21006666700004
7431,91.28257875
7432,198.92823266450006
7433,34.581509249999996
7434,57.886021777749995
7435,597.0484562825003
7436,38.2943743
7437,720.2455621069998
7438,20.737809849999994
7439,302.56939183100025
7440,60.03211707775
7441,20.441998899999994
7442,493.487615
7443,26.265923699999995
7444,294.02495577700006
7445,21.07520425
7446,110.41808939999999
7447,802.2060850000001
7448,56.79047979999999
7449,154.01375945
7450,303.04434707099983
7451,386.5939639335001
7452,666.5170799999999
7453,52.83831930000002
7454,133.85717693400002
7455,41.8015845189
7456,35.294924500000015
7457,435.5672639554998
7458,34.21534477835
7459,103.22751440000002
7460,27.18110354999999
7461,148.79203950000002
7462,23.2059241
7463,268.9419102
7464,27.84190285519998
7465,25.643684000000004
7466,613.2508800000002
7467,83.282224
7468,132.23536959999996
7469,140.78276482899994
7470,515.9951850000001
7471,92.29572368600006
7472,97.84870402
7473,46.34569260945
7474,86.84521394999997
7475,76.8173851602
7476,77.49146710459999
7477,125.8303546
7478,562.7298070684999
7479,100.25613959999998
7480,611.0425745725
7481,119.62566955000003
7482,18.65820974999999
7483,444.4668189555
7484,49.98628900000003
7485,53.9103291
7486,124.14170880000002
7487,86.8954543
7488,33.90384315520001
7489,21.044758899999987
7490,70.57410985
7491,435.4912513154998
7492,48.01211535999999
7493,198.43928945600004
7494,171.37332820000003
7495,34.124533155200005
7496,126.77455445000004
7497,292.65077548849996
7498,51.96567430000002
7499,99.63101970000001
7500,218.491303966
7501,79.69171845550002
7502,123.62464955000002
7503,87.96115405000005
7504,209.1488497
7505,22.28006464999999
7506,21.292279449999995
7507,223.03849744999997
7508,67.07131445000002
7509,83.02823485
7510,463.8603843799999
7511,25.03825969999999
7512,156.55312435
7513,428.4697062625001
7514,135.27601885299998
7515,125.48428475000003
7516,154.3112960514999
7517,283.9004739775002
7518,170.06562630149995
7519,35.229939099999996
7520,22.1221939
7521,93.255193919
7522,165.26931120150002
7523,911.5830800000005
7524,59.07555506955003
7525,41.70992880000001
7526,205.80370282050004
7527,328.9365239554999
7528,368.6100889775
7529,428.6997774939998
7530,21.817294199999996
7531,351.22545897749995
7532,154.32052348000005
7533,222.47008485900014
7534,60.260735751400006
7535,167.32398591449999
7536,201.9147848590001
7537,502.879487494
7538,78.8262871046
7539,45.72080840000002
7540,422.374805
7541,180.26393457649996
7542,82.17860954999998
7543,26.54943384999998
7544,146.05306169599993
7545,169.41235929999996
7546,32.80616460000001
7547,96.20010959999999
7548,199.1845099590001
7549,62.73135011955001
7550,72.72456415549999
7551,24.359464150000004
7552,264.85998049999995
7553,57.17906970000003
7554,49.588269149999995
7555,79.0908157647
7556,220.08795321949995
7557,523.0917249999998
7558,1021.4043
7559,299.0052117
7560,81.40251895000002
7561,344.0067954025001
7562,18.003689899999998
7563,18.608409350000002
7564,20.44960444999999
7565,20.46734449999999
7566,23.302274549999993
7567,30.3300727067
7568,20.55569449999999
7569,25.82663984999998
7570,29.653969400000015
7571,30.581634800000007
7572,34.17037435
7573,39.491784149999994
7574,40.79739115999999
7575,37.799416810000004
7576,30.675329449999996
7577,38.30803985
7578,36.347479199999995
7579,42.10109606000001
7580,36.66525409999999
7581,43.39235100999999
7582,41.73297890000001
7583,38.189623899999994
7584,42.352873900000006
7585,46.879658500000026
7586,45.75666860000001
7587,45.36634743520001
7588,48.26230375000001
7589,49.1961742
7590,47.405904
7591,48.22996380000001
7592,46.26831860000002
7593,46.38864880000001
7594,55.222594150000006
7595,50.26095400000002
7596,46.10269365000002
7597,46.02459835000001
7598,50.78443380000002
7599,52.163893800000004
7600,50.966698850000036
7601,57.36004930000003
7602,50.85669950000001
7603,58.55662945000001
7604,58.40833445000001
7605,59.895464649999994
7606,53.654259200000006
7607,70.75657485000002
7608,61.90451469999999
7609,66.23263980000003
7610,62.0824946
7611,61.88038959999999
7612,60.69502465000003
7613,84.86812450000004
7614,57.85519172775002
7615,68.1261256464
7616,62.25728109640003
7617,68.81798265459999
7618,90.94576375400004
7619,88.18971430000002
7620,85.3199192
7621,81.9090989
7622,72.07921445
7623,72.51145444999999
7624,82.6560793
7625,86.44903410000002
7626,86.23812400000001
7627,81.1623170546
7628,85.518494
7629,83.42118930000001
7630,81.25003425000001
7631,93.8887247
7632,84.42016939999999
7633,89.65253904999997
7634,85.97615910000005
7635,70.06362245459997
7636,84.95829455
7637,85.41949395000003
7638,92.46233852200002
7639,84.95691445
7640,90.70614458300004
7641,82.01323944999999
7642,98.39313426800001
7643,86.88826961500004
7644,89.72686945000005
7645,102.99204462499998
7646,98.07235935000003
7647,88.34134941500005
7648,110.52727571000003
7649,89.21589420000002
7650,101.69135450000002
7651,114.92292480000003
7652,114.99033480000004
7653,98.944790015
7654,110.28498601000003
7655,101.5909245
7656,102.69081415000002
7657,106.58686971500003
7658,110.75740450000004
7659,119.12377945000001
7660,127.28323990000001
7661,125.63653955000004
7662,115.51123010500004
7663,147.312213423
7664,148.299998423
7665,155.00834945
7666,116.87317405000002
7667,135.68459079200005
7668,127.34410000000001
7669,156.44784940000002
7670,154.95924455000002
7671,169.54518429999993
7672,225.50650995600012
7673,215.68240495599994
7674,176.42125934999996
7675,222.04981505900005
7676,201.73122455600006
7677,211.65390247400006
7678,1.774055
7679,2.9486600000000003
7680,9.284621160649994
7681,38.1178620207
7682,49.77950470000002
7683,88.53352990000002
7684,55.05362980000001
7685,89.51775999999998
7686,97.47143465
7687,87.6394149
7688,92.22289990000003
7689,104.95513975
7690,145.10747955
7691,148.99429925000007
7692,109.44403460000001
7693,106.90340470000001
7694,165.2335095
7695,213.6257499560001
7696,261.2225601499999
7697,210.4916649560001
7698,242.4155001499999
7699,274.19693019999994
7700,304.03499683100017
7701,414.89427246699995
7702,523.0045624669999
7703,358.76385560899996
7704,495.3287824670001
7705,502.862882467
7706,485.7909674670001
7707,621.5278921070002
7708,552.8191874669999
7709,552.8079274669999
7710,574.762185
7711,708.9102204295002
7712,638.248182107
7713,732.0611854295
7714,639.439592107
7715,748.7966904294999
7716,720.6011354295001
7717,1139.7004950000003
7718,724.6486171069998
7719,149.98815485000006
7720,152.61082475000003
7721,618.9164921070002
7722,267.0580657880001
7723,82.34981925
7724,60.388164950000004
7725,23.140375563400003
7726,198.06305000600017
7727,47.2346606539
7728,383.79997499999996
7729,409.9367300000001
7730,262.42652369399997
7731,614.510375
7732,488.76834999999994
7733,386.34958965050015
7734,77.75330489999999
7735,681.9791649999996
7736,87.93105470100004
7737,30.956995663399983
7738,180.98719500600006
7739,1.2430949999999998
7740,0.9587800000000002
7741,2.4897699999999996
7742,331.09336341549994
7743,168.176879656
7744,167.60108010000005
7745,164.53801010000006
7746,266.32610437099993
7747,180.90934465500007
7748,245.93069311999992
7749,254.58690669999996
7750,482.62556565099976
7751,423.5267647074998
7752,550.9133356509998
7753,543.5369556509997
7754,546.9944706509999
7755,414.06526833499987
7756,393.30460833499984
7757,615.2317191429996
7758,569.2013303909996
7759,423.96924333499976
7760,75.55989485000002
7761,57.48139949999999
7762,209.524801175
7763,1.926731277865
7764,5.5610800000000005
7765,1.2120799999999998
7766,18.2679349
7767,7.224130000000003
7768,203.46469000900012
7769,205.95697985600006
7770,266.2645509709999
7771,86.27637955
7772,180.00027459999993
7773,219.42087517500008
7774,11.383759999999997
7775,16.601234950000002
7776,56.8478345
7777,37.296914349999994
7778,633.0458353585
7779,198.26030743300007
7780,6.784505000000001
7781,37.326413699999996
7782,151.84133076549998
7783,1.7927899999999999
7784,3.1803400000000006
7785,66.4279347689
7786,34.7310342
7787,49.17091910000001
7788,12.862464999999997
7789,3.403475
7790,117.2083541125
7791,475.6255549999998
7792,466.308115
7793,9.4662160459
7794,13.282979999999998
7795,31.552578646199986
7796,448.60948
7797,477.2888450000001
7798,95.92890951800004
7799,47.24603360000001
7800,50.76944899999999
7801,71.08267052350003
7802,47.28306218520001
7803,196.40591835800006
7804,531.2522399999999
7805,294.198062875
7806,246.7342467480001
7807,186.1580699590001
7808,287.61992587100013
7809,442.5025289555
7810,204.955602989
7811,409.8193839335
7812,413.0133839335
7813,387.9519289335001
7814,87.74007935
7815,30.237077855199995
7816,6.408514918520003
7817,12.980120000000007
7818,19.784624499999993
7819,27.214813552599985
7820,33.443423005199996
7821,34.5930442
7822,89.45950032700006
7823,169.69331983349994
7824,13.5261649
7825,7.345125000000001
7826,103.13354955500004
7827,30.796099850000004
7828,7.542890000000004
7829,5.410296836345
7830,387.3567215500002
7831,423.4671803500002
7832,644.2687745785001
7833,379.11164685000006
7834,379.92091645
7835,0.9537950000000001
7836,2.2934175557299996
7837,1.9044438335950002
7838,8.16218
7839,5.057110000000001
7840,54.86005420000001
7841,66.42638210280002
7842,80.87390410000002
7843,35.49383430000001
7844,126.09275910250003
7845,230.19462412299993
7846,258.33771864999994
7847,205.7743151529999
7848,182.38357710000002
7849,162.36655520000005
7850,207.27076005000006
7851,177.53162935
7852,14.4230999
7853,4.5881399999999966
7854,28.67503925
7855,89.25514905
7856,4.5266749999999965
7857,5.359820000000001
7858,1.8267749999999996
7859,34.93925449999999
7860,38.22871865
7861,27.405484149999996
7862,204.36564037000005
7863,204.75903517000006
7864,385.3400384500001
7865,237.29475174999996
7866,627.1543525365
7867,386.40071475000013
7868,376.75839994999995
7869,372.15182035000015
7870,337.15692795
7871,340.54067845
7872,332.93746655
7873,105.64696881249998
7874,137.235247346
7875,310.1386936735
7876,175.07650899900003
7877,157.51140421350001
7878,163.7997819005
7879,2.8375550000000014
7880,486.7171828
7881,220.9706737225
7882,89.79717930000001
7883,70.17895
7884,41.03460430000002
7885,2.8756700000000013
7886,4.521199999999997
7887,153.04735465000002
7888,248.6545126500001
7889,19.114419499999986
7890,116.37567494999998
7891,35.18251979999997
7892,122.54627994999997
7893,12.800999999999998
7894,18.146054599999996
7895,10.468903022949998
7896,13.216659999999997
7897,18.926129649999986
7898,18.322389599999987
7899,52.708247941800025
7900,25.533404050000005
7901,74.39573810459999
7902,6.9122850000000025
7903,243.83904274999986
7904,674.248261321
7905,369.04714
7906,2.0282988335949996
7907,175.15889434999997
7908,87.56662960000001
7909,140.82066490000003
7910,140.13374010000004
7911,105.17769424999999
7912,62.44658479999999
7913,108.50387455000003
7914,25.9231443
7915,36.03988460000001
7916,29.26182469999999
7917,31.7218247
7918,64.6989729546
7919,15.88575995
7920,17.726509599999996
7921,64.8293429546
7922,42.42707910000003
7923,23.259984899999996
7924,12.371620000000002
7925,23.576799899999997
7926,50.64452085390004
7927,86.01014904999998
7928,11.90405
7929,23.603919899999998
7930,55.681449949999994
7931,344.95157959999995
7932,13.064304949999999
7933,1.333775
7934,7.468950000000002
7935,2.750280000000002
7936,13.653405000000003
7937,4.402134999999996
7938,4.032939999999998
7939,13.074539999999995
7940,63.43359489999998
7941,121.59177460000008
7942,277.3448436000001
7943,41.55073405000002
7944,93.04594895000008
7945,66.22705300460001
7946,85.4970141
7947,37.820379500000016
7948,93.47177905000007
7949,6.591905000000002
7950,53.82138480000003
7951,86.33012400000001
7952,97.68311470000006
7953,9.121645
7954,51.32860480000002
7955,2.9976350000000003
7956,400.57332499999995
7957,403.3111899999999
7958,221.92157469999984
7959,149.49020495000002
7960,280.4951638999999
7961,22.51283944999999
7962,72.13092489999997
7963,18.9260799
7964,9.258869068849998
7965,8.08375906885
7966,16.045924749999998
7967,278.70374630000003
7968,66.9400497
7969,25.72932945
7970,27.884599900000012
7971,42.17182405000001
7972,109.49071680000003
7973,84.2207641
7974,1.8535699999999997
7975,59.825959950000005
7976,27.58112985000001
7977,30.705414499999996
7978,3.9616799999999985
7979,6.770030000000002
7980,47.94979435000001
7981,20.38290929999999
7982,15.98988975
7983,60.33073500000001
7984,2.6171600000000006
7985,1.7851150000000002
7986,30.86010484999999
7987,13.09443
7988,2.40249755573
7989,2.8853550000000014
7990,12.57507
7991,30.595169749999997
7992,19.2697947
7993,40.930559
7994,51.311274600000026
7995,66.62793485000003
7996,52.60166495000003
7997,82.24195414999998
7998,94.75914340400004
7999,118.29196979999998
8000,36.51220969999999
8001,25.534384250000002
8002,63.34398985000001
8003,1.8388349999999998
8004,6.875670000000003
8005,5.554694999999999
8006,6.337335
8007,1.48525
8008,14.618514800000003
8009,29.186259799999995
8010,6.995410000000001
8011,67.3800948
8012,9.595933022949994
8013,42.99482430000002
8014,27.148499800000003
8015,80.5186094
8016,117.20028489999996
8017,112.57483950000004
8018,161.55391010000002
8019,72.39950479999999
8020,102.65336455000002
8021,51.31838975000002
8022,156.51783930000005
8023,25.729029349999998
8024,61.4849797
8025,120.89176841199996
8026,102.56977924999997
8027,221.13784030000014
8028,53.563759900000015
8029,283.1430733
8030,6.471275
8031,29.09317
8032,137.1173501
8033,223.74799420000008
8034,6.711905000000005
8035,269.83054975000016
8036,17.15897955
8037,703.9017699999997
8038,72.73312980000001
8039,42.69780460000002
8040,41.60979915000001
8041,7.679305
8042,52.46717450000002
8043,89.28594970000002
8044,50.33777465000001
8045,26.07024455
8046,12.316275000000001
8047,117.63109494999999
8048,95.49067930000001
8049,19.14178439999999
8050,54.251504749999995
8051,30.352984749999987
8052,69.3945447
8053,27.195229900000008
8054,187.80949490000006
8055,7.01729
8056,18.97592459999999
8057,43.04412895000002
8058,9.588933022949993
8059,50.670894649999994
8060,69.1320926546
8061,35.64985479999998
8062,50.27464490000001
8063,6.718285000000001
8064,41.597789299999995
8065,45.73563970000001
8066,75.1365531046
8067,66.26039450000003
8068,96.73863970000004
8069,13.115515000000006
8070,35.88943499999998
8071,28.79841429999999
8072,25.66466405000001
8073,2.4799299999999995
8074,15.214114350000003
8075,53.766619499999976
8076,27.103264399999997
8077,23.687493950000007
8078,10.469394999999999
8079,4.277319999999996
8080,6.67766
8081,306.8209530999999
8082,282.63663809999997
8083,284.2471439
8084,60.010000000000026
8085,32.642019499999975
8086,118.56414475
8087,13.009405
8088,5.103735000000001
8089,2.7444000000000024
8090,7.540870000000001
8091,67.9638198
8092,77.12076920000001
8093,109.973610572
8094,55.233799950000005
8095,163.12761455
8096,87.54085479999998
8097,154.03716954999996
8098,117.52938990000004
8099,25.66466405000001
8100,73.15726000000001
8101,45.9169397
8102,36.36963929999998
8103,46.121804450000006
8104,50.22622489999999
8105,45.83876430000001
8106,74.74082310459998
8107,85.78725984999997
8108,13.147659949999996
8109,3.24836
8110,4.4145999999999965
8111,50.979149850000006
8112,32.51247949999998
8113,12.275965
8114,6.706335000000003
8115,182.38336579999998
8116,62.183149700000016
8117,75.98944980000002
8118,92.62860984999999
8119,79.03782490000002
8120,129.813333572
8121,82.15620480000001
8122,48.235094550000014
8123,4.266019999999998
8124,88.08410979999996
8125,16.95185965
8126,49.219149899999984
8127,57.47481460000003
8128,5.489735000000001
8129,25.29112395
8130,12.625919999999997
8131,27.241429799999995
8132,6.776960000000005
8133,64.79367790460003
8134,12.940150000000001
8135,14.446264800000003
8136,5.427260000000002
8137,49.28246489999998
8138,50.871899600000035
8139,34.6258543
8140,16.42013984999999
8141,1.6815799999999999
8142,17.543254599999997
8143,29.419144899999992
8144,29.76644479999999
8145,37.0530498
8146,29.36355959999998
8147,16.79004484999999
8148,14.403705000000002
8149,30.162974599999984
8150,12.443395000000002
8151,8.91871406885
8152,3.7165450000000018
8153,11.777916045899996
8154,102.06111960000004
8155,115.56592634300004
8156,80.98591934999999
8157,81.41739915
8158,281.17430105000005
8159,177.8254199999999
8160,187.37632480000005
8161,180.0723900499999
8162,282.38922770000016
8163,385.41294999999997
8164,669.7555692139998
8165,7.125390000000005
8166,2.4393199999999995
8167,8.771889999999999
8168,8.804214999999997
8169,13.320564999999998
8170,4.230654999999996
8171,9.623214999999998
8172,6.3002150000000015
8173,4.2080499999999965
8174,1.6293450000000005
8175,27.850399800000012
8176,69.6059798
8177,66.48809295460002
8178,199.7684797999999
8179,32.9196645
8180,114.53453999999998
8181,39.072084700000005
8182,53.56232985000001
8183,50.974444600000005
8184,55.629874400000034
8185,9.710503022949997
8186,59.37599000000002
8187,43.19454405000001
8188,40.1400195
8189,145.92419510000002
8190,145.41615990000003
8191,80.67701915000002
8192,68.53067485
8193,66.3432730046
8194,141.2551249
8195,346.4764345499999
8196,50.90218450000003
8197,70.80249955000001
8198,126.16206500000003
8199,214.37709010000003
8200,112.33656450000007
8201,233.45018149999999
8202,112.42540489999998
8203,18.805849749999997
8204,25.239304250000004
8205,18.101639599999988
8206,50.74954960000003
8207,77.9850892
8208,67.72773990000002
8209,205.91225465000008
8210,184.28752499999996
8211,194.95507484999996
8212,145.15389470000002
8213,27.598784900000012
8214,7.932355
8215,12.923704999999998
8216,15.336544550000001
8217,2.635740000000002
8218,15.51470475
8219,23.65887489999999
8220,41.576599150000014
8221,95.16064490000007
8222,97.38479480000005
8223,109.35050475000006
8224,256.7857896
8225,86.09492949999998
8226,252.5847025000001
8227,9.209623022949994
8228,3.922979999999999
8229,6.138105
8230,13.969759900000001
8231,19.56277464999999
8232,7.696010000000001
8233,14.330644900000005
8234,39.1298747
8235,57.072436196400034
8236,31.46324994999999
8237,26.106348599999997
8238,65.8237280046
8239,38.7478349
8240,59.97837485000003
8241,93.25988954999997
8242,272.39705860000004
8243,353.0981599999999
8244,32.90029479999998
8245,31.340814749999996
8246,83.23017384999997
8247,17.834374599999997
8248,119.88576465000004
8249,115.46850450000004
8250,134.52311509999998
8251,235.8648467999999
8252,44.23752960000001
8253,15.252439750000006
8254,17.80792454999999
8255,4.246004999999996
8256,92.75832930000004
8257,59.19963784180004
8258,69.4461681046
8259,30.094129499999994
8260,519.60818
8261,25.497848899999994
8262,51.68898465
8263,70.69867650460006
8264,74.76580690459998
8265,29.502719849999995
8266,35.606403856599975
8267,47.13184415000001
8268,4.811270000000001
8269,3.39938
8270,1.5782450000000003
8271,72.0157014546
8272,17.7748196
8273,29.360219849999993
8274,12.704474999999997
8275,7.479840000000001
8276,185.1337748
8277,82.27675990000003
8278,26.9167997
8279,9.832363022949998
8280,38.41833914999999
8281,37.45093999999999
8282,9.595933022949994
8283,73.90934310459998
8284,42.643503200000026
8285,71.60673755459999
8286,52.91651465000001
8287,19.158539649999987
8288,9.562624999999999
8289,2.569780000000001
8290,217.239131547
8291,77.42036490000001
8292,48.2763995
8293,356.06671500000004
8294,256.47901540000004
8295,138.5047102
8296,19.35540475
8297,268.22076365
8298,1.90249
8299,120.26711005000007
8300,48.02657960000001
8301,399.9231649999999
8302,60.093835000000006
8303,168.28015509999994
8304,18.327484249999998
8305,19.61661454999999
8306,6.964280000000001
8307,3.7735200000000004
8308,30.841984900000003
8309,39.01628904999998
8310,28.38734415
8311,72.58580800459998
8312,95.46430970000002
8313,52.542844800000005
8314,69.50633440000003
8315,50.2959449
8316,67.80909785459998
8317,27.016717955199994
8318,37.43845394999998
8319,26.289459349999994
8320,13.248839999999998
8321,18.189649599999992
8322,74.31270415000003
8323,141.37039565000003
8324,16.180439850000006
8325,19.137549549999996
8326,56.87795970000002
8327,67.66278190460004
8328,27.376764649999988
8329,25.398534349999995
8330,271.2471459
8331,56.52578975000002
8332,44.708553850000015
8333,44.44629425
8334,43.04040405000001
8335,25.399459
8336,25.956074399999988
8337,24.289569450000002
8338,25.294619200000007
8339,24.428419350000002
8340,18.60789465
8341,33.46389469999998
8342,26.723424549999994
8343,25.6335891
8344,38.843994099999996
8345,7.563370000000001
8346,1.8000999999999998
8347,7.743790000000002
8348,4.6621149999999965
8349,44.39316435000001
8350,52.55071480000002
8351,36.659534399999984
8352,67.86156925000006
8353,65.66323305459998
8354,4.421744999999996
8355,11.324639999999999
8356,4.2537499999999975
8357,5.883575000000002
8358,3.083920000000002
8359,13.342909999999996
8360,12.376705
8361,7.489405000000002
8362,14.630449900000004
8363,1.9160499999999996
8364,14.61822465
8365,4.480704999999997
8366,9.616963022949998
8367,14.569184850000001
8368,2.0948450000000007
8369,25.74360380000001
8370,22.961859599999993
8371,34.11658449999999
8372,54.539694850000025
8373,19.51323434999999
8374,198.4733932230001
8375,18.081874149999997
8376,2.8082550000000004
8377,28.45669424999999
8378,44.060344250000014
8379,70.85626285459998
8380,15.34434495
8381,27.625559700000004
8382,30.58420474999999
8383,55.751569950000004
8384,42.95167895000002
8385,54.619350000000004
8386,4.529449999999996
8387,4.878426169620002
8388,118.12931715000005
8389,20.049808599999995
8390,7.211445000000003
8391,10.858204999999998
8392,15.828914350000002
8393,15.060729600000002
8394,116.48665499999997
8395,116.37285499999996
8396,54.08022475
8397,50.69435960000003
8398,65.8464941652
8399,30.248849799999988
8400,110.23980670000005
8401,15.91905495
8402,17.69278464999999
8403,32.835299399999975
8404,22.01476449999999
8405,48.02256830000001
8406,44.65526865000002
8407,10.919969999999996
8408,30.628454649999995
8409,33.327479700000005
8410,26.67643435
8411,26.37125935
8412,35.242364599999995
8413,2.412615
8414,126.41202299450009
8415,49.62787663519999
8416,175.01860419999994
8417,95.19883945000004
8418,164.64884890000002
8419,185.91421042649992
8420,233.23426152499994
8421,213.68004495900013
8422,554.5870206509999
8423,380.6458490565
8424,437.8400313524999
8425,127.24029794450011
8426,168.29634429999996
8427,165.93334845000004
8428,295.878472065
8429,189.58261735349996
8430,33.65054469999998
8431,708.1605571069999
8432,31.696123255199982
8433,12.85854
8434,59.85988450000001
8435,24.279819349999997
8436,3.922859999999998
8437,10.098318022949998
8438,54.5792341
8439,162.66539500000002
8440,83.29184975000003
8441,41.46220950000001
8442,221.75032429900006
8443,165.41027005
8444,124.76326945000007
8445,40.27979450000002
8446,80.61326475000001
8447,80.1344043555
8448,7.6504299999999965
8449,45.04241425000001
8450,20.467904299999997
8451,40.75452460000002
8452,14.788240000000005
8453,8.986178022949996
8454,9.900208022949993
8455,9.175814999999997
8456,34.032743700599994
8457,106.09878502999999
8458,28.326586276799993
8459,32.85534410519999
8460,8.623679999999997
8461,6.279175000000001
8462,88.5570638
8463,12.775695000000002
8464,32.1572447
8465,45.976634300000015
8466,15.355910000000005
8467,4.884899889449998
8468,1.5778150000000002
8469,248.21826725
8470,107.69582415000006
8471,215.17848530000015
8472,53.369334900000005
8473,104.22135935000004
8474,27.05369955
8475,38.0965997
8476,58.957597954600026
8477,68.7093199
8478,44.66962860000002
8479,12.737424999999998
8480,5.032325000000003
8481,1.7388049999999995
8482,41.82482320000001
8483,399.94651999999996
8484,72.7028219046
8485,279.9746873
8486,213.45943054999987
8487,134.61878009999998
8488,138.19482490000007
8489,44.020763700000025
8490,71.18542980000002
8491,2.32184755573
8492,1.3125049999999998
8493,484.5911549999999
8494,292.54564825000006
8495,134.7167551
8496,76.50071489999999
8497,63.4339929046
8498,32.60709980000001
8499,48.95999929999999
8500,71.88988489999996
8501,55.389005000000026
8502,25.973183649999996
8503,24.377864949999992
8504,18.74253964999999
8505,13.851434950000003
8506,12.77370995
8507,6.997015000000001
8508,6.690445000000004
8509,5.535350000000002
8510,4.436464999999996
8511,1.3140749999999999
8512,15.148699950000001
8513,2.325999999999999
8514,1.339605
8515,1.97128
8516,11.560295000000002
8517,98.29468920000006
8518,27.65845974999999
8519,1.43811
8520,2.4510299999999985
8521,6.8751
8522,12.676335000000003
8523,4.280994999999996
8524,249.19722340000004
8525,226.0760208470001
8526,160.63355904999997
8527,196.56115960000005
8528,115.4932607930001
8529,74.19320489999998
8530,138.414268722
8531,103.96966955000003
8532,73.2482999
8533,72.72018489999996
8534,48.822574499999995
8535,54.232770000000016
8536,38.11420969999999
8537,44.549819600000006
8538,28.623184599999995
8539,32.807369800000004
8540,95.87425949999997
8541,24.268729849999996
8542,25.700298849999996
8543,134.4736051
8544,37.5939194
8545,67.8946227546
8546,34.28242465
8547,13.281549999999998
8548,18.50167934999999
8549,5.454365000000001
8550,15.568154800000002
8551,6.240400000000002
8552,9.518265
8553,3.782024999999999
8554,3.9925199999999976
8555,1.497525
8556,1.7993499999999996
8557,27.66407984999999
8558,26.302318849999995
8559,68.53926984999997
8560,46.925709400000024
8561,53.67872314180001
8562,68.64944984999998
8563,179.89225480000002
8564,39.91160450000001
8565,71.81541484999998
8566,35.86668459999998
8567,68.40286984999997
8568,77.83984504999998
8569,36.5718697
8570,79.40798925000003
8571,50.03713475000002
8572,21.00866959999999
8573,118.44213995000005
8574,106.81730970000002
8575,104.08896970000004
8576,83.67328915
8577,172.2042249999999
8578,136.29563990000005
8579,68.89910985
8580,18.885629749999993
8581,24.34481925
8582,18.56132959999999
8583,18.56855439999999
8584,43.36878905000001
8585,41.05538430000002
8586,26.440132405199993
8587,39.0222341
8588,38.7996042
8589,51.314744800000014
8590,53.78411975000001
8591,1.508155
8592,12.675939999999999
8593,5.370130000000002
8594,9.437988022949995
8595,1.7995649999999994
8596,3.9302799999999976
8597,18.30276939999999
8598,1.6688399999999997
8599,27.1235947
8600,4.293664999999996
8601,45.829609600000005
8602,42.4395791
8603,29.83504995
8604,360.9219246000001
8605,257.2124045999999
8606,195.63086304999993
8607,148.75910510000003
8608,103.32860911800005
8609,50.58884960000001
8610,19.538329599999994
8611,148.60811010000003
8612,244.6598427499998
8613,317.03355879999987
8614,264.32856895000003
8615,176.82839305000002
8616,136.11559509999998
8617,137.5399251
8618,109.22633955000006
8619,64.27947479999997
8620,73.75872
8621,92.7904745
8622,44.5063695
8623,108.15395965000005
8624,54.332835
8625,61.25337479999998
8626,28.8859599
8627,23.235764949999997
8628,41.18764930000001
8629,39.611394700000005
8630,249.45418760000004
8631,45.23916860000001
8632,66.62793485000003
8633,94.13986915000005
8634,164.63728475
8635,127.29657994999998
8636,109.93069900000008
8637,93.76822915000004
8638,44.38218870000002
8639,65.1038097
8640,42.65967840000002
8641,67.0242627546
8642,111.55212150000007
8643,68.0021648
8644,31.920149799999994
8645,25.265338850000006
8646,17.573969599999995
8647,9.52611406885
8648,1.839641277865
8649,2.9407650000000007
8650,130.64461985
8651,13.989974950000006
8652,58.40289000000001
8653,33.7606696
8654,20.644429900000006
8655,7.523230000000001
8656,3.922979999999999
8657,1.4244650000000005
8658,105.63371772199999
8659,66.83067275460002
8660,43.545063950000014
8661,25.323869449999997
8662,23.04005984999999
8663,26.727568799999993
8664,13.27250495
8665,4.412254999999996
8666,9.146123022949993
8667,14.076854900000006
8668,19.99356954999999
8669,7.175160000000003
8670,5.072870000000002
8671,2.7550300000000023
8672,18.58489964999999
8673,2.445244999999999
8674,1.217235
8675,2.02051
8676,179.00738499999997
8677,153.71372954999998
8678,159.46412945000003
8679,214.69374060000007
8680,121.77915495
8681,110.02905490000003
8682,141.6824749
8683,120.02865495000003
8684,93.96567970000002
8685,68.3762181546
8686,65.86056490000001
8687,64.09043994999999
8688,49.220294600000024
8689,32.093339799999995
8690,19.10079464999999
8691,25.336444
8692,40.63864930000003
8693,341.8584496
8694,343.4608096
8695,423.5506950000001
8696,349.3172346
8697,174.48233024999993
8698,500.77274000000006
8699,256.72979095
8700,72.5712429546
8701,77.89400504999998
8702,53.70482
8703,40.4138693
8704,50.2286099
8705,72.9467580046
8706,52.1537698
8707,21.131749299999992
8708,18.377304399999986
8709,43.811143900000005
8710,29.223129799999988
8711,11.27733302295
8712,2.930825000000001
8713,28.111864749999985
8714,8.352664999999995
8715,6.493290000000002
8716,1.532535
8717,6.946815000000004
8718,7.632920000000004
8719,17.543254599999997
8720,6.771615000000004
8721,4.449049999999996
8722,1.8156500000000002
8723,2.5522600000000004
8724,6.816485000000005
8725,5.362865000000003
8726,1.5646599999999997
8727,3.856479999999998
8728,28.825184849999985
8729,25.375069449999998
8730,20.9088898
8731,12.991620000000005
8732,9.981084068849999
8733,8.955749068850002
8734,6.947355000000003
8735,5.136279689519999
8736,2.876000000000001
8737,1.6969199999999998
8738,18.80672954999999
8739,1.3043799999999999
8740,562.628919214
8741,471.9172300000001
8742,316.4102237999998
8743,121.94997255000006
8744,135.15729990000003
8745,13.726595000000001
8746,40.376874100000016
8747,38.32216939999999
8748,40.4138693
8749,208.4678023999998
8750,284.91506350000003
8751,52.18885475000004
8752,27.622704949999992
8753,15.070985000000002
8754,10.342623022949997
8755,11.559024999999998
8756,3.887344999999998
8757,75.46429975
8758,67.5475449
8759,41.44399910000002
8760,24.204234699999997
8761,123.99219990000007
8762,241.72779335000007
8763,120.78689995000002
8764,77.54868425
8765,44.07597370000002
8766,110.65131639300006
8767,42.56778405000002
8768,12.647553022950003
8769,50.69059975000001
8770,6.803556045900002
8771,78.8608993
8772,137.50405010000003
8773,18.58150439999999
8774,43.795439000000016
8775,13.7982999
8776,7.344410000000002
8777,25.500153949999998
8778,7.502030000000003
8779,4.778199999999999
8780,40.650359300000005
8781,17.720668999999997
8782,13.41642
8783,19.127433749999994
8784,3.887344999999998
8785,402.73249000000004
8786,41.93120460000002
8787,83.44825480000003
8788,99.74660965000001
8789,193.06566934999995
8790,1578.923595
8791,676.970320535
8792,248.34669250000002
8793,13.290754950000006
8794,75.4794848
8795,13.271284950000005
8796,1425.7339250000005
8797,15.31801465
8798,232.7950940499999
8799,351.70809460000004
8800,284.4588535
8801,72.33668489999995
8802,109.00853465000006
8803,349.15542459999995
8804,1064.56208
8805,76.59491489999999
8806,735.33785
8807,362.9564588000001
8808,146.64017510000002
8809,686.093086321
8810,483.57643
8811,786.8176999999996
8812,230.2565546999999
8813,72.15443489999996
8814,713.3234649999998
8815,44.46113960000002
8816,440.92495500000007
8817,322.1041287999999
8818,686.093086321
8819,832.018685
8820,472.29832500000003
8821,138.4647627
8822,28.9008498
8823,43.375239250000014
8824,277.05958315
8825,14.803929700000001
8826,585.1405963209999
8827,44.696269600000015
8828,245.2184370999998
8829,944.2870049999999
8830,33.569004699999994
8831,3.2461400000000005
8832,409.06005000000005
8833,78.56213484999999
8834,494.8222150000003
8835,42.53502460000002
8836,130.3581748
8837,2.810875000000002
8838,244.83737179999997
8839,289.80762044999994
8840,13.322515000000005
8841,53.65755990000002
8842,833.4707449999999
8843,59.01682490000002
8844,330.99704879999996
8845,520.9288500000001
8846,1158.7996799999999
8847,418.83554499999985
8848,676.066390535
8849,284.4122183
8850,27.102559450000005
8851,44.46280960000001
8852,3.5516400000000004
8853,233.17299404999986
8854,234.3204349499999
8855,51.04232425000002
8856,66.96559964999999
8857,114.29417509999998
8858,102.04221420000003
8859,173.1782499999999
8860,168.8243499499999
8861,162.63617485000003
8862,196.6456196499999
8863,182.23415984999997
8864,245.20887943849985
8865,256.7583704499999
8866,346.92739449999993
8867,247.74258315000006
8868,264.49944454999996
8869,354.15159994999993
8870,3.7220400000000007
8871,4.327444999999997
8872,7.768809999999999
8873,13.070945
8874,19.041804049999996
8875,22.188609049999997
8876,22.910133750000004
8877,25.44683885000001
8878,26.236814449999997
8879,26.606519350000006
8880,114.80187475000002
8881,288.2832252999999
8882,356.5453574499999
8883,510.2021700000002
8884,1006.3836449999997
8885,1295.3211150000004
8886,9.10395
8887,10.829125000000003
8888,12.183325000000002
8889,19.66676449999999
8890,25.153449450000004
8891,25.0540444
8892,28.993599150000005
8893,38.73005379999999
8894,81.06154875
8895,167.35190984999994
8896,223.41387490000008
8897,226.10553
8898,345.46784439999993
8899,2.6026949999999998
8900,6.078970000000001
8901,10.893685000000003
8902,12.419605000000004
8903,12.116480000000003
8904,13.440544950000001
8905,13.647119949999999
8906,13.46530995
8907,12.815669949999998
8908,14.039954849999999
8909,20.907724749999993
8910,20.19960935
8911,26.551779449999994
8912,27.444778599999996
8913,33.949624549999996
8914,28.477454549999994
8915,29.95599979999999
8916,50.69220095390002
8917,37.62442384999999
8918,47.53637455000001
8919,55.39908294180002
8920,55.23141980000001
8921,50.03274955
8922,55.575565000000026
8923,63.48200735560005
8924,59.2087198
8925,68.11194260460002
8926,71.47075765459996
8927,71.25576650460006
8928,74.47066790459998
8929,98.17062515000002
8930,100.13990955
8931,110.51854735
8932,176.3978449999999
8933,156.06347305399996
8934,129.22229019999997
8935,181.48164999999997
8936,261.972662494
8937,195.6114649000001
8938,218.70854064700004
8939,228.7355561470001
8940,362.7257937
8941,429.430128747
8942,419.73203500000005
8943,544.0607091430002
8944,472.0283437469999
8945,625.336430788
8946,752.5442403909998
8947,651.7438795280001
8948,1577.6999399999997
8949,5.7099150000000005
8950,6.404089999999999
8951,6.975230000000002
8952,11.939155000000003
8953,13.154300000000001
8954,28.67558954999998
8955,37.517653649999986
8956,229.34852460000005
8957,275.4222125999999
8958,470.38857999999993
8959,625.1803791369999
8960,1360.89149
8961,1788.4913400000005
8962,1.5908362778650005
8963,3.7351900000000007
8964,5.346810000000001
8965,8.963129999999996
8966,12.948534999999998
8967,18.406204599999995
8968,18.371694499999993
8969,18.904674499999988
8970,18.1835693
8971,23.340509899999997
8972,25.356269299999994
8973,25.892004099999998
8974,26.136834550000003
8975,26.32632455
8976,27.195599299999994
8977,26.13408440000001
8978,26.664614650000008
8979,29.888079799999986
8980,28.948954849999986
8981,32.18786919999999
8982,34.635409899999985
8983,44.955584150000014
8984,42.90917860000001
8985,46.18013465000001
8986,45.89968975
8987,54.6728148
8988,51.80761950000001
8989,68.69806290460001
8990,69.35552790459998
8991,67.8745677046
8992,72.49791290459999
8993,73.56284255459997
8994,73.68079255459999
8995,80.43846965000003
8996,77.39598999999998
8997,145.98331499999998
8998,79.29001004999998
8999,120.68291856200003
9000,246.67807004999983
9001,284.6804158999999
9002,226.17571853549998
9003,349.34435310000003
9004,351.35549310000005
9005,421.9415849999999
9006,268.5536272500001
9007,349.75985784999995
9008,364.3189586000001
9009,817.2085349999999
9010,2.9065199999999987
9011,3.23456
9012,3.150275
9013,3.82217
9014,3.1813500000000006
9015,3.8374399999999995
9016,4.263769999999997
9017,4.2075099999999965
9018,4.297244999999997
9019,4.830694999999997
9020,6.234819999999997
9021,6.527055000000002
9022,6.789880000000003
9023,6.831815000000003
9024,8.399885000000001
9025,7.94533
9026,7.539865000000001
9027,9.678629999999995
9028,10.152295000000002
9029,11.776415
9030,11.669645000000001
9031,13.227039999999999
9032,12.882614949999999
9033,13.959089849999998
9034,14.3846798
9035,14.75070465
9036,14.674809549999997
9037,14.9050495
9038,14.857879800000001
9039,17.23066464999999
9040,15.0602647
9041,15.399419749999998
9042,19.203034599999988
9043,18.396404399999994
9044,20.946139399999993
9045,22.642454599999997
9046,25.585039700000003
9047,26.07537945
9048,27.01821449999999
9049,26.694244449999996
9050,27.125574150000002
9051,26.2122244
9052,27.14801920000001
9053,27.3710742
9054,30.395549449999987
9055,36.285684399999994
9056,30.368479150000002
9057,32.090684499999995
9058,33.145954999999994
9059,31.438348549999997
9060,38.84172469999999
9061,33.23901939999999
9062,39.12295919999999
9063,50.09473445000001
9064,47.98759455000001
9065,57.45698460000003
9066,48.07753870660002
9067,61.30364000000003
9068,59.612565000000025
9069,56.69115970000003
9070,50.91021980000002
9071,77.00168960000002
9072,106.87420910000003
9073,91.41338484999997
9074,87.82485979999996
9075,151.32397010000008
9076,140.12988044999997
9077,178.81304304999998
9078,203.56910499999998
9079,151.36880000000005
9080,222.89930469999993
9081,204.6992923999999
9082,245.26782774999995
9083,195.43342609999988
9084,260.3530318499999
9085,265.64995079999994
9086,298.59540339999995
9087,362.93210495000005
9088,281.08022693849995
9089,298.5121441385
9090,294.5705802999999
9091,456.50374689999995
9092,516.0554050000002
9093,562.4528792140001
9094,575.7464992139999
9095,631.8467096435
9096,665.169945535
9097,656.960925535
9098,662.5665413209999
9099,700.1828399999997
9100,900.1804099999998
9101,882.2581499999999
9102,939.542055
9103,957.7074050000001
9104,955.0016400000001
9105,844.6628599999998
9106,1158.2950199999998
9107,1412.9927250000003
9108,1578.923595
9109,1913.6590800000004
9110,5.669515000000001
9111,11.381850000000004
9112,17.601714199999993
9113,26.016019150000005
9114,34.74368465
9115,37.2143143
9116,64.7378346
9117,65.6887597
9118,63.72758915100003
9119,68.64153990000001
9120,69.27881770459999
9121,77.26475470000003
9122,107.19435449999999
9123,100.39430944999998
9124,109.78880229999997
9125,213.55431000000007
9126,277.74486304999994
9127,394.56098000000014
9128,307.68688225
9129,642.7519642140002
9130,629.5562142140002
9131,537.831019137
9132,671.9473499999999
9133,896.9660399999999
9134,934.1850649999999
9135,1238.24324
9136,1834.763945
9137,4.7003600000000025
9138,7.178870000000004
9139,11.595089999999995
9140,11.806054999999999
9141,16.88164974999999
9142,14.533414600000004
9143,17.581319199999992
9144,19.333289399999984
9145,19.5750193
9146,25.02776885
9147,25.362454350000004
9148,27.667434200000002
9149,36.296508849999995
9150,44.806734800000015
9151,46.51126960000001
9152,47.13784404999999
9153,52.89928299180003
9154,52.02244000000002
9155,62.5911960464
9156,72.82957975000001
9157,89.0082145
9158,89.59019915000003
9159,92.62711470000004
9160,111.64793015000005
9161,102.05294950000001
9162,132.72376490000005
9163,142.08150934999995
9164,145.1658399
9165,262.01164725
9166,271.00090754999997
9167,55.10003794180002
9168,7.0183550000000015
9169,12.421449800000003
9170,15.379354699999999
9171,3.2506699999999995
9172,2.865760000000002
9173,2.7396800000000026
9174,3.8228500000000003
9175,4.661644999999996
9176,4.763439999999999
9177,5.03033
9178,6.227310000000001
9179,6.267785000000001
9180,7.871680000000003
9181,6.913290000000002
9182,8.202210000000001
9183,7.2195500000000035
9184,7.582930000000004
9185,7.937274999999997
9186,9.063884999999999
9187,8.91351
9188,10.840665000000003
9189,10.989170000000003
9190,11.797825
9191,13.373819999999993
9192,13.284565
9193,14.1149999
9194,15.711889699999999
9195,20.75761905
9196,29.585509699999992
9197,22.795423850000006
9198,24.695684299999996
9199,27.143744100000006
9200,32.63712396549999
9201,33.65629424999999
9202,51.42166475000002
9203,43.355263700000016
9204,42.073633000000015
9205,59.3841946
9206,46.278874449999996
9207,48.612804100000005
9208,71.7073198
9209,94.22163891800007
9210,104.90449530500001
9211,117.40338009999999
9212,117.20240009999998
9213,149.52602990000005
9214,175.99744999999987
9215,157.48173445
9216,177.70081499999992
9217,143.67282490000002
9218,215.90504979999994
9219,217.43187989999998
9220,214.14667010000002
9221,147.81107985
9222,174.78462499999986
9223,204.79270434999995
9224,243.24339663849983
9225,268.02274865000004
9226,250.37502544999992
9227,224.03652608500005
9228,330.36699974999993
9229,215.78087439999996
9230,245.06177843849986
9231,320.91812975
9232,349.8540494
9233,364.2191744000001
9234,366.6511594000001
9235,365.9743644000001
9236,362.57145440000016
9237,354.7830294000001
9238,341.3533278500001
9239,455.831455
9240,396.8862300000001
9241,425.64724
9242,404.2239900000001
9243,429.792955
9244,403.1544900000001
9245,485.3073350000002
9246,432.2807050000002
9247,626.7603434280004
9248,641.8643534280004
9249,650.8771599999999
9250,1250.2811700000004
9251,35.38963499999997
9252,38.34508444999999
9253,74.61624770459999
9254,77.93609975000003
9255,2.29452
9256,2.8961900000000016
9257,10.55392
9258,12.673874999999999
9259,13.81629995
9260,15.068729350000002
9261,18.72426959999999
9262,19.18454439999999
9263,25.872609349999998
9264,27.629049900000012
9265,30.12313484999999
9266,26.22443440000001
9267,28.96624964999999
9268,37.82956420000001
9269,42.090364200000025
9270,39.1416142
9271,49.67529455000005
9272,44.215119250000015
9273,44.54273420000001
9274,51.421549750000025
9275,51.4543798
9276,68.14803495000001
9277,67.05240495000001
9278,49.53429979999998
9279,53.54314814180001
9280,80.1002843
9281,68.72015484999999
9282,68.14578484999997
9283,74.40533979999998
9284,75.11393949999997
9285,75.41732929999999
9286,68.50529275459998
9287,71.16695805459996
9288,95.40110950000002
9289,84.3669491
9290,94.86196950000003
9291,94.19632970000006
9292,75.2136596
9293,82.70153905000001
9294,106.02460530500002
9295,93.94119490000004
9296,86.29191483000001
9297,83.48424399999998
9298,95.65265990000006
9299,83.55429399999998
9300,113.62566505000002
9301,96.19197969999999
9302,115.05129015000003
9303,138.52704990000007
9304,142.22840990000003
9305,142.7911249
9306,138.32671990000006
9307,138.59886490000002
9308,172.82879499999987
9309,213.00697539999993
9310,162.33499955
9311,240.32682145
9312,285.9120006499999
9313,281.06337805000004
9314,648.1048542140002
9315,2.325945
9316,2.325945
9317,2.7230050000000006
9318,2.983825
9319,3.153635
9320,5.464064999999998
9321,6.109409999999997
9322,7.855190000000002
9323,7.509855000000003
9324,8.131510000000002
9325,8.314714999999994
9326,8.708644999999995
9327,9.181194999999997
9328,9.11456
9329,9.09768
9330,9.77042
9331,10.345345
9332,10.781775000000003
9333,11.45062
9334,12.84211
9335,12.234224999999999
9336,13.618089800000005
9337,19.718093849999992
9338,19.629843849999993
9339,19.40215394999999
9340,25.06960340000001
9341,26.521689050000006
9342,25.836629450000004
9343,28.5737092
9344,28.96171415
9345,29.5589291
9346,28.723739900000005
9347,29.638964599999998
9348,29.055734299999994
9349,32.219639150000006
9350,32.38579875
9351,33.098199449999996
9352,33.03912964999999
9353,32.59049969999999
9354,33.59264944999998
9355,36.089029549999985
9356,45.7849997
9357,46.082174450000004
9358,47.12503924999999
9359,53.530729950000016
9360,54.032979950000005
9361,67.96101265459997
9362,69.08322480000002
9363,75.75451489999996
9364,82.25364954999999
9365,104.19993459999998
9366,111.59187520000005
9367,115.79928475000001
9368,156.30252405000002
9369,141.44961000000004
9370,195.63395504999997
9371,160.98138484999996
9372,155.23767419999996
9373,237.76583953849982
9374,199.16105005000006
9375,164.13714385000003
9376,321.31582939999987
9377,288.6632006499999
9378,323.05694294999995
9379,251.64883135
9380,332.21780440000003
9381,421.94084
9382,348.4854384999999
9383,400.7105049999999
9384,427.55946874700004
9385,540.1087142140002
9386,654.6860249999997
9387,797.4662350000003
9388,857.3834300000002
9389,15.6622095
9390,9.991704999999998
9391,16.36336985
9392,18.648774499999988
9393,18.76305954999999
9394,24.063894849999993
9395,19.71527964999999
9396,37.87628955000001
9397,37.780929799999996
9398,37.34512439999999
9399,46.88999890000003
9400,71.02328490000001
9401,78.51527960000003
9402,114.96708995000003
9403,127.61275515000003
9404,119.1441121
9405,200.90174994999995
9406,339.52610439999995
9407,290.1335717
9408,323.30436805
9409,19.9164346
9410,26.502154950000005
9411,25.2269538
9412,25.5271736
9413,26.999319650000007
9414,26.92887955
9415,32.791889709399996
9416,33.466414909399994
9417,42.99537400000002
9418,54.8805879418
9419,115.99009476500001
9420,6.366224999999999
9421,9.470674999999995
9422,12.960619999999999
9423,14.725940000000003
9424,13.624795
9425,30.157724649999988
9426,38.6900544
9427,40.5453838
9428,43.076479200000016
9429,40.574913300000006
9430,442.43628874700005
9431,4.2434549999999955
9432,10.962024999999999
9433,10.3311
9434,11.317174999999999
9435,13.393579900000002
9436,13.7982799
9437,17.779079499999995
9438,26.657999800000002
9439,26.7794796
9440,34.89027935
9441,54.891900000000014
9442,52.396564550000015
9443,56.14996475000002
9444,106.86398965000006
9445,106.34421925000004
9446,100.92745380000001
9447,84.35963475
9448,139.7376501
9449,127.76875965
9450,187.68023369999992
9451,172.41796869999996
9452,238.85536464999987
9453,323.40241115000003
